image,identity,class_id,x_min,y_min,x_max,y_max,x_center,y_center,width,height,confidence,method
synthetic_000.jpg,2336,2,92.75809097290039,306.67945098876953,194.70371627807617,447.15221405029297,0.17966362953186035,0.6281930541992188,0.12743203163146974,0.23412127176920572,0.9232953786849976,yunet
synthetic_000.jpg,7007,0,324.4457359313965,298.7316131591797,410.7564125061035,426.48412322998047,0.4595013427734375,0.6043464469909668,0.1078883457183838,0.2129208501180013,0.914004385471344,yunet
synthetic_000.jpg,2970,1,591.6988182067871,272.4266662597656,684.2598304748535,407.33416748046875,0.7974741554260254,0.5664673614501953,0.11570126533508301,0.22484583536783853,0.930164635181427,yunet
synthetic_001.jpg,4428,4,62.88936996459961,229.3568344116211,160.68242263793945,357.1905288696289,0.13973237037658692,0.4887894694010417,0.1222413158416748,0.21305615743001302,0.9433943629264832,yunet
synthetic_001.jpg,2336,2,342.84131240844727,241.0742645263672,423.4723472595215,371.5224151611328,0.4789460372924805,0.5104972330729166,0.10078879356384278,0.21741358439127603,0.9137819409370422,yunet
synthetic_001.jpg,2970,1,606.9110984802246,198.49815368652344,702.8526496887207,326.7271270751953,0.8186023426055908,0.43768773396809896,0.11992693901062011,0.21371495564778645,0.9445667266845703,yunet
synthetic_002.jpg,2336,2,105.9450912475586,316.78466033935547,204.59246063232422,460.0824966430664,0.19408596992492677,0.6473892974853516,0.12330921173095703,0.23882972717285156,0.9286816716194153,yunet
synthetic_002.jpg,7007,0,495.4040336608887,224.83548736572266,599.1177558898926,358.14485931396484,0.6840761184692383,0.48581695556640625,0.12964215278625488,0.22218228658040365,0.9465693831443787,yunet
synthetic_003.jpg,4428,4,67.48764038085938,220.22467803955078,185.63259887695312,358.17676544189453,0.15820014953613282,0.4820012029012044,0.14768119812011718,0.22992014567057292,0.935966968536377,yunet
synthetic_003.jpg,7007,0,328.5870475769043,326.9875946044922,409.96794509887695,438.3257598876953,0.4615968704223633,0.6377611287434896,0.10172612190246583,0.18556360880533854,0.9076288938522339,yunet
synthetic_003.jpg,2336,2,618.2443923950195,304.9477233886719,706.226921081543,433.6310119628906,0.8277945709228516,0.6154822794596354,0.1099781608581543,0.21447214762369793,0.9310829639434814,yunet
synthetic_004.jpg,2336,2,80.65106201171875,249.40367889404297,181.693115234375,402.1995620727539,0.1639651107788086,0.543002700805664,0.1263025665283203,0.25465980529785154,0.949903666973114,yunet
synthetic_004.jpg,4428,4,336.2516441345215,222.3979263305664,432.8596076965332,363.2955551147461,0.4806945323944092,0.48807790120442707,0.12075995445251465,0.23482938130696615,0.9198103547096252,yunet
synthetic_004.jpg,7,3,599.1374168395996,326.9926300048828,697.3992195129395,452.97157287597656,0.8103353977203369,0.6499701690673828,0.12282725334167481,0.20996490478515625,0.9389803409576416,yunet
synthetic_005.jpg,2336,2,79.85453414916992,262.15686798095703,168.45448684692383,395.5906295776367,0.15519313812255858,0.5481229146321615,0.11074994087219238,0.2223896026611328,0.9309908151626587,yunet
synthetic_005.jpg,4428,4,483.71316146850586,226.6375961303711,602.770450592041,375.28775787353516,0.6790522575378418,0.5016044616699219,0.14882161140441894,0.2477502695719401,0.9501520395278931,yunet
synthetic_006.jpg,7,3,65.06956481933594,286.5457992553711,160.6522216796875,424.61258697509766,0.14107611656188965,0.5926319885253907,0.11947832107543946,0.23011131286621095,0.9322599172592163,yunet
synthetic_006.jpg,7007,0,438.2997360229492,301.0908203125,532.4738845825195,423.26239013671875,0.6067335128784179,0.6036276753743489,0.11771768569946289,0.20361928304036458,0.924763023853302,yunet
synthetic_007.jpg,2336,2,61.047218322753906,314.7314453125,165.0680160522461,451.92767333984375,0.141322021484375,0.6388825988769531,0.13002599716186525,0.2286603800455729,0.9488228559494019,yunet
synthetic_007.jpg,7,3,464.16243743896484,251.52982330322266,580.8966598510742,398.39266204833984,0.6531619358062745,0.5416020711263021,0.14591777801513672,0.24477139790852864,0.9433180093765259,yunet
synthetic_008.jpg,7,3,86.15489959716797,317.16815185546875,184.9952163696289,451.23468017578125,0.16946882247924805,0.640335693359375,0.12355039596557617,0.2234442138671875,0.9385878443717957,yunet
synthetic_008.jpg,2970,1,482.88770294189453,273.76756286621094,587.7226791381836,413.21214294433594,0.6691314888000488,0.5724830881754557,0.13104372024536132,0.23240763346354168,0.9457420110702515,yunet
synthetic_009.jpg,7007,0,81.02354049682617,295.4084930419922,173.64007949829102,409.0900344848633,0.15916476249694825,0.5870821062723796,0.11577067375183106,0.1894692357381185,0.9207112789154053,yunet
synthetic_009.jpg,2970,1,311.40353775024414,298.1956558227539,407.65819931030273,428.56578826904297,0.4494135856628418,0.605634536743164,0.12031832695007325,0.21728355407714844,0.9267556667327881,yunet
synthetic_009.jpg,2336,2,618.2021675109863,356.9509735107422,704.886058807373,497.77244567871094,0.8269301414489746,0.7122695159912109,0.1083548641204834,0.23470245361328124,0.9207687377929688,yunet
synthetic_010.jpg,7,3,76.53181457519531,354.86710357666016,180.20736694335938,484.30135345458984,0.16046198844909668,0.6993070475260417,0.12959444046020507,0.21572374979654949,0.9420756697654724,yunet
synthetic_010.jpg,4428,4,473.87245178222656,208.05358123779297,579.0510559082031,339.7800979614258,0.6580771923065185,0.456528065999349,0.13147325515747071,0.21954419453938803,0.9407651424407959,yunet
synthetic_011.jpg,4428,4,76.54548645019531,229.5115203857422,180.53797912597656,369.81446838378906,0.16067716598510742,0.49943832397460936,0.12999061584472657,0.23383824666341146,0.9457666277885437,yunet
synthetic_011.jpg,2336,2,339.39037322998047,268.0974349975586,435.81522369384766,408.5712661743164,0.48450349807739257,0.5638905843098958,0.12053106307983398,0.234123051961263,0.9405723214149475,yunet
synthetic_011.jpg,2970,1,621.4606666564941,216.03839874267578,725.4074211120605,350.5940475463867,0.8417925548553467,0.47219370524088544,0.129933443069458,0.22425941467285157,0.9435500502586365,yunet
synthetic_012.jpg,7,3,59.50267791748047,241.3618621826172,155.43480682373047,363.99263763427734,0.13433592796325683,0.5044620831807455,0.1199151611328125,0.20438462575276692,0.9072907567024231,yunet
synthetic_012.jpg,7007,0,329.87928771972656,331.4034118652344,422.35032653808594,444.3944778442383,0.4701435089111328,0.6464982414245606,0.11558879852294922,0.18831844329833985,0.9345287680625916,yunet
synthetic_012.jpg,2970,1,612.8749198913574,230.27804565429688,709.8121528625488,379.4400329589844,0.8266794204711914,0.508098398844401,0.12117154121398926,0.24860331217447917,0.9339060187339783,yunet
synthetic_013.jpg,7,3,63.727230072021484,193.9027557373047,177.8420753479004,330.9027862548828,0.15098081588745116,0.43733795166015627,0.14264355659484862,0.22833338419596355,0.9461989402770996,yunet
synthetic_013.jpg,2970,1,311.5197982788086,230.74787139892578,414.11592864990234,363.37703704833984,0.45352232933044434,0.49510409037272135,0.12824516296386718,0.2210486094156901,0.9103304147720337,yunet
synthetic_013.jpg,2336,2,584.3743133544922,220.98604583740234,680.3509368896484,364.90189361572266,0.7904532814025879,0.48823994954427086,0.11997077941894531,0.23985974629720053,0.9340574145317078,yunet
synthetic_014.jpg,2336,2,92.12638473510742,237.89552307128906,198.3403205871582,384.89503479003906,0.18154169082641602,0.5189921315511068,0.1327674198150635,0.24499918619791666,0.943636417388916,yunet
synthetic_014.jpg,4428,4,461.8992614746094,250.42881774902344,570.8896942138672,398.86375427246094,0.6454930973052978,0.541077143351237,0.13623804092407227,0.24739156087239583,0.9498604536056519,yunet
synthetic_015.jpg,2970,1,49.66013717651367,200.7648162841797,137.00331497192383,327.63328552246094,0.11666465759277343,0.44033175150553383,0.10917897224426269,0.21144744873046875,0.9204381704330444,yunet
synthetic_015.jpg,2336,2,366.50035858154297,311.61060333251953,463.0626449584961,441.3589096069336,0.5184768772125244,0.627474594116211,0.1207028579711914,0.21624717712402344,0.9336623549461365,yunet
synthetic_015.jpg,4428,4,599.969482421875,282.88885498046875,692.627197265625,415.2283935546875,0.8078729248046875,0.5817643737792969,0.1158221435546875,0.2205658976236979,0.9287554621696472,yunet
synthetic_016.jpg,2970,1,81.82040786743164,191.59820556640625,187.99810409545898,341.4700927734375,0.16863656997680665,0.4442235819498698,0.1327221202850342,0.2497864786783854,0.9502976536750793,yunet
synthetic_016.jpg,7007,0,325.3680839538574,301.73663330078125,417.5913276672363,422.41443634033203,0.4643496322631836,0.6034592247009277,0.11527905464172364,0.20112967173258464,0.9236000776290894,yunet
synthetic_016.jpg,4428,4,591.0923309326172,349.26148986816406,685.8213348388672,482.9060516357422,0.7980710411071777,0.6934729512532553,0.1184112548828125,0.22274093627929686,0.9403218626976013,yunet
synthetic_017.jpg,2970,1,86.56420135498047,220.30682373046875,183.54161834716797,337.30338287353516,0.16881613731384276,0.46467517217000326,0.12122177124023438,0.19499426523844401,0.945927619934082,yunet
synthetic_017.jpg,4428,4,483.89556884765625,327.6994171142578,575.550048828125,450.86399841308594,0.6621535110473633,0.6488028462727865,0.11456809997558594,0.20527430216471354,0.9290016293525696,yunet
synthetic_018.jpg,2970,1,50.0,220.0,185.0,370.0,0.146875,0.49166666666666664,0.16875,0.25,,manual
synthetic_018.jpg,7,3,481.7576599121094,345.95011138916016,595.6467590332031,508.57161712646484,0.6733777618408203,0.7121014404296875,0.1423613739013672,0.2710358428955078,0.9311231374740601,yunet
synthetic_019.jpg,7,3,79.45601654052734,291.79833984375,190.04337310791016,415.6054458618164,0.16843711853027343,0.5895031547546387,0.1382341957092285,0.20634517669677735,0.9390478730201721,yunet
synthetic_019.jpg,2970,1,456.1312789916992,322.09610748291016,547.336555480957,455.78438568115234,0.6271673965454102,0.6482337443033854,0.11400659561157227,0.22281379699707032,0.9330911636352539,yunet
synthetic_020.jpg,2336,2,98.89141845703125,321.80552673339844,194.06208038330078,459.27516174316406,0.18309593677520752,0.6509005737304687,0.11896332740783691,0.22911605834960938,0.9327776432037354,yunet
synthetic_020.jpg,7007,0,474.1535987854004,366.65283203125,558.7689018249512,480.609130859375,0.6455765628814697,0.7060516357421875,0.10576912879943848,0.18992716471354168,0.9299774169921875,yunet
synthetic_021.jpg,7007,0,63.27531051635742,325.49852752685547,162.58562088012695,433.0526809692383,0.14116308212280274,0.6321260070800782,0.12413788795471191,0.17925692240397134,0.9143883585929871,yunet
synthetic_021.jpg,4428,4,344.80580139160156,299.7705764770508,431.5561065673828,421.7118148803711,0.4852261924743652,0.6012353261311849,0.10843788146972656,0.2032353973388672,0.9369105100631714,yunet
synthetic_021.jpg,7,3,608.0589981079102,272.9639205932617,705.7377090454102,390.40027618408203,0.8211229419708252,0.5528034973144531,0.122098388671875,0.19572725931803386,0.9357642531394958,yunet
synthetic_022.jpg,2336,2,69.4709587097168,193.69556427001953,156.4761085510254,340.1305160522461,0.14121691703796388,0.44485506693522137,0.10875643730163574,0.24405825297037761,0.9178933501243591,yunet
synthetic_022.jpg,7007,0,341.56231689453125,281.35474395751953,427.9371337890625,394.1134262084961,0.48093715667724607,0.5628901418050131,0.10796852111816406,0.18793113708496093,0.9307916164398193,yunet
synthetic_022.jpg,4428,4,615.3649444580078,336.3909606933594,710.8011474609375,461.9612808227539,0.8288538074493408,0.6652935345967611,0.11929525375366211,0.20928386688232423,0.9369722008705139,yunet
synthetic_023.jpg,2970,1,65.31830978393555,354.58104705810547,173.61659622192383,496.43994903564453,0.1493343162536621,0.7091841634114583,0.13537285804748536,0.23643150329589843,0.948091447353363,yunet
synthetic_023.jpg,7007,0,355.5185546875,331.0704345703125,438.4780578613281,446.2251510620117,0.4962478828430176,0.6477463213602702,0.10369937896728515,0.19192452748616537,0.9220199584960938,yunet
synthetic_023.jpg,2336,2,601.3845291137695,255.69482421875,688.8344345092773,372.71012115478516,0.8063868522644043,0.5236707878112793,0.10931238174438476,0.19502549489339194,0.9276653528213501,yunet
synthetic_024.jpg,2970,1,57.81000518798828,328.7787857055664,164.00540924072266,468.4468307495117,0.13863463401794435,0.6643546803792317,0.13274425506591797,0.2327800750732422,0.937949538230896,yunet
synthetic_024.jpg,2336,2,461.8495216369629,249.76657104492188,572.798656463623,414.3313903808594,0.6466551113128662,0.5534149678548177,0.1386864185333252,0.27427469889322914,0.9381411075592041,yunet
synthetic_025.jpg,2970,1,48.00492477416992,183.08502960205078,148.1058692932129,332.61693572998047,0.12256924629211426,0.42975163777669273,0.1251261806488037,0.24921984354654947,0.8995750546455383,yunet
synthetic_025.jpg,7007,0,464.8063430786133,242.33103942871094,560.7968673706055,391.1583709716797,0.6410020065307617,0.5279078420003255,0.11998815536499023,0.2480455525716146,0.9268538355827332,yunet
synthetic_026.jpg,7,3,85.8269271850586,217.4911651611328,187.98853302001953,340.18009185791016,0.17113466262817384,0.46472604751586916,0.12770200729370118,0.2044815444946289,0.9257408976554871,yunet
synthetic_026.jpg,2336,2,355.48581314086914,199.13077545166016,455.2870445251465,335.94420623779297,0.5067330360412597,0.44589581807454426,0.12475153923034668,0.22802238464355468,0.9283917546272278,yunet
synthetic_026.jpg,7007,0,604.9534568786621,289.7708969116211,708.6527137756348,401.9557571411133,0.8210038566589355,0.5764388783772787,0.12962407112121582,0.18697476704915364,0.9062166810035706,yunet
synthetic_027.jpg,2970,1,69.24237823486328,244.7181396484375,159.88275909423828,371.42938232421875,0.1432032108306885,0.5134562683105469,0.11330047607421875,0.2111854044596354,0.9182220101356506,yunet
synthetic_027.jpg,7007,0,325.22451400756836,337.80745697021484,434.53110122680664,478.1567153930664,0.4748472595214844,0.6799701436360677,0.13663323402404784,0.2339154307047526,0.9378470778465271,yunet
synthetic_027.jpg,2336,2,632.9072456359863,335.89488220214844,738.8471488952637,460.1314926147461,0.8573464965820312,0.6633553123474121,0.13242487907409667,0.20706101735432944,0.94004887342453,yunet
synthetic_028.jpg,2336,2,90.15099716186523,186.86566162109375,177.9396858215332,318.39947509765625,0.16755667686462403,0.42105428059895833,0.10973586082458496,0.2192230224609375,0.9356620907783508,yunet
synthetic_028.jpg,7007,0,455.09307861328125,327.6133575439453,548.2340087890625,447.40587615966797,0.6270794296264648,0.6458493614196777,0.11642616271972656,0.1996541976928711,0.9143387675285339,yunet
synthetic_029.jpg,7,3,73.46658706665039,215.06005859375,190.08486557006836,358.218017578125,0.1647196578979492,0.47773173014322917,0.14577284812927246,0.23859659830729166,0.9503709077835083,yunet
synthetic_029.jpg,2970,1,349.9607810974121,278.8999938964844,446.6034278869629,404.8343811035156,0.4978526306152344,0.5697786458333334,0.12080330848693847,0.20989064534505208,0.9300493001937866,yunet
synthetic_029.jpg,2336,2,602.4542274475098,277.9245147705078,695.8224906921387,413.26231384277344,0.8114229488372803,0.5759890238444011,0.11671032905578613,0.22556299845377603,0.9345054030418396,yunet
synthetic_030.jpg,2336,2,53.65991973876953,182.78501892089844,142.4911880493164,305.8413619995117,0.12259444236755371,0.40718865076700844,0.11103908538818359,0.20509390513102213,0.9298686385154724,yunet
synthetic_030.jpg,7,3,352.8361358642578,275.9053649902344,465.9234161376953,406.39434814453125,0.5117247200012207,0.5685830942789714,0.14135910034179688,0.2174816385904948,0.9494988322257996,yunet
synthetic_030.jpg,2970,1,609.3494415283203,291.00628662109375,700.7392578125,417.58971405029297,0.8188054370880127,0.5904966672261556,0.11423727035522462,0.21097237904866536,0.9424240589141846,yunet
synthetic_031.jpg,7,3,76.67326354980469,311.0494842529297,175.68069458007812,448.3327178955078,0.15772122383117676,0.6328185017903646,0.1237592887878418,0.22880538940429687,0.9397423267364502,yunet
synthetic_031.jpg,2336,2,482.0286064147949,196.3969268798828,576.4313545227051,316.04640197753906,0.6615374755859375,0.4270361073811849,0.1180034351348877,0.1994157918294271,0.9248216152191162,yunet
synthetic_032.jpg,7,3,87.41379928588867,252.94341278076172,194.16899490356445,397.88184356689453,0.1759892463684082,0.5423543802897135,0.13344399452209474,0.24156405131022135,0.9312490224838257,yunet
synthetic_032.jpg,4428,4,319.1624526977539,350.42970275878906,407.5521774291992,482.78025817871094,0.4541966438293457,0.6943416341145834,0.11048715591430663,0.2205842590332031,0.9095728993415833,yunet
synthetic_032.jpg,7007,0,598.7558250427246,304.6855926513672,703.4624519348145,427.24951934814453,0.8138864231109619,0.6099459266662598,0.1308832836151123,0.20427321116129557,0.9311996102333069,yunet
synthetic_033.jpg,7,3,94.00839233398438,296.76660919189453,206.81995391845703,463.8794479370117,0.18801771640777587,0.6338717142740885,0.14101445198059082,0.27852139790852865,0.9347421526908875,yunet
synthetic_033.jpg,7007,0,353.87757873535156,199.74493408203125,449.9555206298828,325.5888900756836,0.5023956871032715,0.4377781867980957,0.12009742736816406,0.20973992665608723,0.9311187863349915,yunet
synthetic_033.jpg,4428,4,605.3491287231445,288.55474853515625,697.5685958862305,413.5118637084961,0.8143235778808594,0.5850555102030436,0.11527433395385742,0.20826185862223306,0.9265848994255066,yunet
synthetic_034.jpg,4428,4,84.9547119140625,264.3154296875,188.40652465820312,381.34505462646484,0.170850772857666,0.5380504035949707,0.12931476593017577,0.19504937489827473,0.9255304932594299,yunet
synthetic_034.jpg,2970,1,478.80556869506836,351.6749954223633,577.0259132385254,486.5909652709961,0.6598946762084961,0.6985549672444662,0.12277543067932128,0.22485994974772136,0.9365760087966919,yunet
synthetic_035.jpg,7,3,66.30435180664062,206.49729919433594,179.70423889160156,352.8833770751953,0.15375536918640137,0.4661505635579427,0.14174985885620117,0.24397679646809897,0.9412133693695068,yunet
synthetic_035.jpg,2970,1,493.17420196533203,284.9922103881836,588.2579727172852,415.7809829711914,0.6758951091766358,0.5839776611328125,0.1188547134399414,0.21798128763834634,0.930245578289032,yunet
synthetic_036.jpg,2970,1,48.20840835571289,184.11500549316406,144.2160301208496,315.81105041503906,0.12026527404785156,0.4166050465901693,0.1200095272064209,0.219493408203125,0.9166890382766724,yunet
synthetic_036.jpg,2336,2,460.4163589477539,255.12571716308594,545.8295822143555,383.80531311035156,0.6289037132263183,0.5324425252278646,0.10676652908325196,0.21446599324544272,0.9328699707984924,yunet
synthetic_037.jpg,4428,4,64.99863815307617,217.33977508544922,162.2343635559082,363.2194595336914,0.14202062606811525,0.4837993621826172,0.12154465675354004,0.24313280741373697,0.9328816533088684,yunet
synthetic_037.jpg,7,3,335.69232177734375,302.6896438598633,444.3695831298828,446.8983688354492,0.4875386905670166,0.6246566772460938,0.13584657669067382,0.2403478749593099,0.9509762525558472,yunet
synthetic_037.jpg,2970,1,607.0023078918457,311.08570098876953,696.009593963623,431.59981536865234,0.814382438659668,0.6189045969645183,0.11125910758972168,0.20085685729980468,0.9199754595756531,yunet
synthetic_038.jpg,7,3,81.83013916015625,259.9275436401367,180.03274536132812,366.66259002685547,0.16366430282592773,0.5221584447224935,0.12275325775146484,0.17789174397786459,0.9278735518455505,yunet
synthetic_038.jpg,4428,4,461.5475883483887,326.5680389404297,561.2824287414551,448.0438766479492,0.6392687606811523,0.6455099296569824,0.124668550491333,0.20245972951253255,0.9235193133354187,yunet
synthetic_039.jpg,2336,2,82.90545654296875,202.06922149658203,179.82866668701172,342.28487396240234,0.1642088270187378,0.45362841288248695,0.12115401268005371,0.23369275410970053,0.9434121251106262,yunet
synthetic_039.jpg,4428,4,453.6890754699707,263.97071075439453,547.9080619812012,407.35277557373047,0.6259982109069824,0.5594362386067708,0.11777373313903809,0.23897010803222657,0.9368256330490112,yunet
synthetic_040.jpg,7,3,71.6745834350586,313.67279052734375,173.0169448852539,429.66683197021484,0.15293220520019532,0.6194496854146322,0.12667795181274413,0.19332340240478516,0.9220151305198669,yunet
synthetic_040.jpg,2336,2,344.6405258178711,233.59539794921875,443.0587387084961,376.8955078125,0.4923120403289795,0.508742421468099,0.12302276611328125,0.23883351643880207,0.9311439990997314,yunet
synthetic_040.jpg,7007,0,626.3476104736328,184.02357482910156,720.0858612060547,287.92079162597656,0.8415209197998047,0.39328697204589846,0.11717281341552735,0.17316202799479166,0.9392572641372681,yunet
synthetic_041.jpg,4428,4,63.583492279052734,185.6962127685547,153.72063064575195,304.49095153808594,0.13581507682800292,0.4084893035888672,0.11267142295837403,0.19799123128255208,0.9221579432487488,yunet
synthetic_041.jpg,7,3,464.6949119567871,318.56158447265625,561.9925575256348,453.8562316894531,0.6416796684265137,0.6436815134684245,0.12162205696105957,0.22549107869466145,0.9443008899688721,yunet
synthetic_042.jpg,7,3,88.0758171081543,312.3435821533203,199.33244705200195,450.3140411376953,0.17963016510009766,0.6355480194091797,0.13907078742980958,0.22995076497395833,0.9470189213752747,yunet
synthetic_042.jpg,4428,4,354.65844345092773,311.6351013183594,454.1097602844238,459.8028869628906,0.5054801273345947,0.642864990234375,0.12431414604187012,0.24694630940755208,0.9334085583686829,yunet
synthetic_042.jpg,2336,2,631.7236557006836,301.3456497192383,732.7117233276367,433.7008285522461,0.8527721118927002,0.6125387318929036,0.1262350845336914,0.2205919647216797,0.9405640363693237,yunet
synthetic_043.jpg,4428,4,76.52571487426758,262.3285598754883,169.6017723083496,405.92015838623047,0.15382967948913573,0.5568739318847656,0.11634507179260253,0.23931933085123697,0.9414502382278442,yunet
synthetic_043.jpg,7007,0,454.5960807800293,191.2845458984375,538.2992134094238,299.2562026977539,0.6205595588684082,0.40878395716349286,0.10462891578674316,0.179952761332194,0.9332277178764343,yunet
synthetic_044.jpg,7,3,92.51567840576172,218.16455078125,200.26374053955078,345.8315200805664,0.18298713684082032,0.46999672571818035,0.13468507766723634,0.21277828216552735,0.9404635429382324,yunet
synthetic_044.jpg,2336,2,321.9418144226074,333.07372283935547,414.40385818481445,469.02210235595703,0.46021604537963867,0.6684131876627604,0.1155775547027588,0.22658063252766927,0.9374507069587708,yunet
synthetic_044.jpg,4428,4,620.7985153198242,278.2800598144531,731.0750198364258,428.01312255859375,0.8449209594726562,0.5885776519775391,0.13784563064575195,0.24955510457356772,0.9528632164001465,yunet
synthetic_045.jpg,2336,2,58.12084197998047,333.96627044677734,146.33158111572266,468.23450469970703,0.12778276443481446,0.6685006459554036,0.11026342391967774,0.22378039042154949,0.911838173866272,yunet
synthetic_045.jpg,4428,4,463.7866744995117,289.9821548461914,560.2756729125977,423.76427459716797,0.6400389671325684,0.5947886912027994,0.12061124801635742,0.22297019958496095,0.9353108406066895,yunet
synthetic_046.jpg,4428,4,61.817020416259766,300.74361419677734,170.62296676635742,450.86502838134766,0.14527499198913574,0.6263405354817708,0.13600743293762207,0.25020235697428383,0.9420438408851624,yunet
synthetic_046.jpg,2970,1,330.70426177978516,320.61256408691406,429.04370880126953,444.9648666381836,0.4748424816131592,0.6379811922709148,0.12292430877685546,0.2072538375854492,0.9236009120941162,yunet
synthetic_046.jpg,7007,0,580.9657135009766,201.97013092041016,690.2093048095703,335.64669036865234,0.7944843864440918,0.4480140177408854,0.1365544891357422,0.2227942657470703,0.9351534247398376,yunet
synthetic_047.jpg,7,3,75.69476318359375,272.6014938354492,184.93460083007812,413.7571792602539,0.16289335250854492,0.5719655609130859,0.13654979705810547,0.23525947570800781,0.9372865557670593,yunet
synthetic_047.jpg,2336,2,334.2651481628418,281.7677307128906,429.9623146057129,430.1377258300781,0.47764216423034667,0.5932545471191406,0.11962145805358887,0.2472833251953125,0.9342970252037048,yunet
synthetic_047.jpg,2970,1,619.7048301696777,276.1811294555664,721.3787879943848,408.3712387084961,0.8381772613525391,0.5704603068033854,0.12709244728088379,0.2203168487548828,0.9422633051872253,yunet
synthetic_048.jpg,7007,0,84.20646667480469,245.8131103515625,160.79112243652344,356.39026641845703,0.15312349319458007,0.5018361473083496,0.09573081970214843,0.1842952601114909,0.9215523600578308,yunet
synthetic_048.jpg,2970,1,332.5076332092285,307.99586486816406,428.84118270874023,442.6407012939453,0.47584300994873047,0.6255304718017578,0.12041693687438965,0.22440806070963543,0.9355727434158325,yunet
synthetic_048.jpg,2336,2,610.4064407348633,188.22769165039062,702.9389419555664,310.7960739135742,0.8208408641815186,0.4158531379699707,0.1156656265258789,0.204280637105306,0.9283196926116943,yunet
synthetic_049.jpg,2336,2,80.29204940795898,344.9957275390625,176.3141212463379,475.4201354980469,0.16037885665893556,0.6836798858642578,0.12002758979797364,0.21737401326497396,0.9404587745666504,yunet
synthetic_049.jpg,7,3,460.7238082885742,186.54930877685547,573.9196243286133,326.0673599243164,0.6466521453857422,0.4271805572509766,0.14149477005004882,0.23253008524576824,0.9461650252342224,yunet
