image,identity,x,y,width,height
synthetic_000.jpg,2336,39,226,193,261
synthetic_000.jpg,7007,288,215,182,263
synthetic_000.jpg,2970,550,178,179,276
synthetic_001.jpg,4428,12,154,207,251
synthetic_001.jpg,2336,293,152,183,267
synthetic_001.jpg,2970,551,120,208,257
synthetic_002.jpg,2336,37,239,218,262
synthetic_002.jpg,7007,437,154,216,250
synthetic_003.jpg,4428,13,165,207,222
synthetic_003.jpg,7007,287,245,184,230
synthetic_003.jpg,2336,568,224,172,255
synthetic_004.jpg,2336,34,175,216,274
synthetic_004.jpg,4428,295,153,186,251
synthetic_004.jpg,7,560,247,176,251
synthetic_005.jpg,2336,27,171,182,276
synthetic_005.jpg,4428,424,162,219,250
synthetic_006.jpg,7,14,202,180,271
synthetic_006.jpg,7007,410,231,173,228
synthetic_007.jpg,2336,16,249,218,240
synthetic_007.jpg,7,420,172,211,261
synthetic_008.jpg,7,39,248,188,243
synthetic_008.jpg,2970,431,201,194,250
synthetic_009.jpg,7007,34,209,197,251
synthetic_009.jpg,2970,283,219,189,253
synthetic_009.jpg,2336,560,275,187,267
synthetic_010.jpg,7,21,280,193,242
synthetic_010.jpg,4428,422,146,200,222
synthetic_011.jpg,4428,18,160,199,246
synthetic_011.jpg,2336,288,192,209,259
synthetic_011.jpg,2970,561,150,219,234
synthetic_012.jpg,7,25,168,179,232
synthetic_012.jpg,7007,286,240,190,253
synthetic_012.jpg,2970,571,141,184,280
synthetic_013.jpg,7,15,114,215,258
synthetic_013.jpg,2970,285,160,176,239
synthetic_013.jpg,2336,544,151,185,247
synthetic_014.jpg,2336,29,151,219,278
synthetic_014.jpg,4428,410,179,200,255
synthetic_015.jpg,2970,10,103,170,280
synthetic_015.jpg,2336,302,241,201,240
synthetic_015.jpg,4428,559,203,171,256
synthetic_016.jpg,2970,23,113,220,266
synthetic_016.jpg,7007,277,201,193,276
synthetic_016.jpg,4428,547,272,187,257
synthetic_017.jpg,2970,29,145,213,237
synthetic_017.jpg,4428,439,257,180,228
synthetic_018.jpg,2970,18,137,214,259
synthetic_018.jpg,7,420,269,199,271
synthetic_019.jpg,7,22,226,215,223
synthetic_019.jpg,2970,411,227,185,280
synthetic_020.jpg,2336,31,251,213,245
synthetic_020.jpg,7007,426,269,175,259
synthetic_021.jpg,7007,18,244,207,233
synthetic_021.jpg,4428,300,220,176,245
synthetic_021.jpg,7,564,202,193,222
synthetic_022.jpg,2336,14,103,181,280
synthetic_022.jpg,7007,297,207,179,226
synthetic_022.jpg,4428,568,266,195,238
synthetic_023.jpg,2970,15,271,220,270
synthetic_023.jpg,7007,299,252,191,243
synthetic_023.jpg,2336,552,186,178,223
synthetic_024.jpg,2970,25,248,207,267
synthetic_024.jpg,2336,414,175,218,275
synthetic_025.jpg,2970,21,103,174,271
synthetic_025.jpg,7007,419,160,188,274
synthetic_026.jpg,7,24,153,197,221
synthetic_026.jpg,2336,303,122,188,253
synthetic_026.jpg,7007,559,213,210,231
synthetic_027.jpg,2970,18,159,201,266
synthetic_027.jpg,7007,296,277,199,232
synthetic_027.jpg,2336,569,267,218,227
synthetic_028.jpg,2336,30,107,196,260
synthetic_028.jpg,7007,412,246,196,246
synthetic_029.jpg,7,18,138,206,254
synthetic_029.jpg,2970,295,213,201,221
synthetic_029.jpg,2336,543,188,199,276
synthetic_030.jpg,2336,12,110,177,234
synthetic_030.jpg,7,300,200,214,249
synthetic_030.jpg,2970,542,212,208,251
synthetic_031.jpg,7,26,239,193,253
synthetic_031.jpg,2336,439,131,192,222
synthetic_032.jpg,7,30,185,197,245
synthetic_032.jpg,4428,279,259,170,276
synthetic_032.jpg,7007,548,217,217,263
synthetic_033.jpg,7,23,228,202,273
synthetic_033.jpg,7007,306,111,204,271
synthetic_033.jpg,4428,558,219,183,228
synthetic_034.jpg,4428,36,196,215,224
synthetic_034.jpg,2970,429,275,199,253
synthetic_035.jpg,7,23,127,206,261
synthetic_035.jpg,2970,432,192,199,275
synthetic_036.jpg,2970,21,109,177,252
synthetic_036.jpg,2336,415,181,173,242
synthetic_037.jpg,4428,28,148,181,254
synthetic_037.jpg,7,297,219,203,275
synthetic_037.jpg,2970,559,232,193,242
synthetic_038.jpg,7,37,186,192,223
synthetic_038.jpg,4428,416,258,202,227
synthetic_039.jpg,2336,17,118,208,270
synthetic_039.jpg,4428,412,176,184,279
synthetic_040.jpg,7,22,246,190,221
synthetic_040.jpg,2336,292,145,191,280
synthetic_040.jpg,7007,570,105,208,220
synthetic_041.jpg,4428,13,117,193,222
synthetic_041.jpg,7,428,234,181,269
synthetic_042.jpg,7,29,217,209,279
synthetic_042.jpg,4428,301,229,199,277
synthetic_042.jpg,2336,568,217,217,264
synthetic_043.jpg,4428,26,186,187,261
synthetic_043.jpg,7007,416,101,170,247
synthetic_044.jpg,7,28,152,216,233
synthetic_044.jpg,2336,280,266,182,230
synthetic_044.jpg,4428,564,205,215,262
synthetic_045.jpg,2336,12,239,170,279
synthetic_045.jpg,4428,417,214,195,260
synthetic_046.jpg,4428,13,231,187,257
synthetic_046.jpg,2970,291,253,172,225
synthetic_046.jpg,7007,544,134,210,236
synthetic_047.jpg,7,40,179,192,280
synthetic_047.jpg,2336,285,207,203,267
synthetic_047.jpg,2970,565,206,204,239
synthetic_048.jpg,7007,40,171,183,220
synthetic_048.jpg,2970,293,237,185,246
synthetic_048.jpg,2336,561,120,199,224
synthetic_049.jpg,2336,18,265,197,251
synthetic_049.jpg,7,418,108,194,263
