architecture,epoch,train_accuracy,val_accuracy,precision
small_custom_cnn,1,0.17600000000000002,0.267,rounded notebook output
small_custom_cnn,2,0.17600000000000002,0.133,rounded notebook output
small_custom_cnn,3,0.188,0.133,rounded notebook output
small_custom_cnn,4,0.212,0.2,rounded notebook output
small_custom_cnn,5,0.259,0.133,rounded notebook output
small_custom_cnn,6,0.247,0.2,rounded notebook output
small_custom_cnn,7,0.282,0.2,rounded notebook output
small_custom_cnn,8,0.306,0.133,rounded notebook output
small_custom_cnn,9,0.376,0.133,rounded notebook output
small_custom_cnn,10,0.353,0.133,rounded notebook output
small_custom_cnn,11,0.306,0.133,rounded notebook output
small_custom_cnn,12,0.294,0.2,rounded notebook output
small_custom_cnn,13,0.376,0.133,rounded notebook output
small_custom_cnn,14,0.41200000000000003,0.267,rounded notebook output
small_custom_cnn,15,0.365,0.33299999999999996,rounded notebook output
small_custom_cnn,16,0.424,0.267,rounded notebook output
small_custom_cnn,17,0.294,0.33299999999999996,rounded notebook output
small_custom_cnn,18,0.353,0.2,rounded notebook output
small_custom_cnn,19,0.306,0.2,rounded notebook output
small_custom_cnn,20,0.38799999999999996,0.267,rounded notebook output
small_custom_cnn,21,0.376,0.267,rounded notebook output
small_custom_cnn,22,0.4,0.267,rounded notebook output
small_custom_cnn,23,0.41200000000000003,0.2,rounded notebook output
small_custom_cnn,24,0.341,0.2,rounded notebook output
small_custom_cnn,25,0.41200000000000003,0.267,rounded notebook output
small_custom_cnn,26,0.38799999999999996,0.267,rounded notebook output
small_custom_cnn,27,0.341,0.267,rounded notebook output
small_custom_cnn,28,0.341,0.33299999999999996,rounded notebook output
small_custom_cnn,29,0.41200000000000003,0.33299999999999996,rounded notebook output
small_custom_cnn,30,0.424,0.2,rounded notebook output
deeper_custom_cnn,1,0.141,0.2,rounded notebook output
deeper_custom_cnn,2,0.235,0.2,rounded notebook output
deeper_custom_cnn,3,0.188,0.2,rounded notebook output
deeper_custom_cnn,4,0.2,0.133,rounded notebook output
deeper_custom_cnn,5,0.212,0.2,rounded notebook output
deeper_custom_cnn,6,0.22399999999999998,0.267,rounded notebook output
deeper_custom_cnn,7,0.247,0.267,rounded notebook output
deeper_custom_cnn,8,0.271,0.267,rounded notebook output
deeper_custom_cnn,9,0.271,0.267,rounded notebook output
deeper_custom_cnn,10,0.282,0.4,rounded notebook output
deeper_custom_cnn,11,0.282,0.33299999999999996,rounded notebook output
deeper_custom_cnn,12,0.32899999999999996,0.33299999999999996,rounded notebook output
deeper_custom_cnn,13,0.376,0.4,rounded notebook output
deeper_custom_cnn,14,0.376,0.267,rounded notebook output
deeper_custom_cnn,15,0.41200000000000003,0.467,rounded notebook output
deeper_custom_cnn,16,0.435,0.467,rounded notebook output
deeper_custom_cnn,17,0.365,0.467,rounded notebook output
deeper_custom_cnn,18,0.447,0.33299999999999996,rounded notebook output
deeper_custom_cnn,19,0.435,0.4,rounded notebook output
deeper_custom_cnn,20,0.518,0.33299999999999996,rounded notebook output
deeper_custom_cnn,21,0.447,0.5329999999999999,rounded notebook output
deeper_custom_cnn,22,0.38799999999999996,0.4,rounded notebook output
deeper_custom_cnn,23,0.435,0.5329999999999999,rounded notebook output
deeper_custom_cnn,24,0.48200000000000004,0.33299999999999996,rounded notebook output
deeper_custom_cnn,25,0.47100000000000003,0.4,rounded notebook output
deeper_custom_cnn,26,0.494,0.467,rounded notebook output
deeper_custom_cnn,27,0.494,0.5329999999999999,rounded notebook output
deeper_custom_cnn,28,0.5529999999999999,0.5329999999999999,rounded notebook output
deeper_custom_cnn,29,0.5760000000000001,0.467,rounded notebook output
deeper_custom_cnn,30,0.541,0.6,rounded notebook output
resnet18_frozen_backbone,1,0.17600000000000002,0.4,rounded notebook output
resnet18_frozen_backbone,2,0.282,0.2,rounded notebook output
resnet18_frozen_backbone,3,0.4,0.467,rounded notebook output
resnet18_frozen_backbone,4,0.612,0.5329999999999999,rounded notebook output
resnet18_frozen_backbone,5,0.659,0.733,rounded notebook output
resnet18_frozen_backbone,6,0.8,0.5329999999999999,rounded notebook output
resnet18_frozen_backbone,7,0.7759999999999999,0.733,rounded notebook output
resnet18_frozen_backbone,8,0.7290000000000001,0.6,rounded notebook output
resnet18_frozen_backbone,9,0.812,0.8,rounded notebook output
resnet18_frozen_backbone,10,0.8590000000000001,0.8,rounded notebook output
resnet18_frozen_backbone,11,0.882,0.667,rounded notebook output
resnet18_frozen_backbone,12,0.835,0.667,rounded notebook output
resnet18_frozen_backbone,13,0.882,0.6,rounded notebook output
resnet18_frozen_backbone,14,0.894,0.733,rounded notebook output
resnet18_frozen_backbone,15,0.9059999999999999,0.867,rounded notebook output
resnet18_frozen_backbone,16,0.941,0.733,rounded notebook output
resnet18_frozen_backbone,17,0.9059999999999999,0.733,rounded notebook output
resnet18_frozen_backbone,18,0.929,0.733,rounded notebook output
resnet18_frozen_backbone,19,0.9179999999999999,0.8,rounded notebook output
resnet18_frozen_backbone,20,0.929,0.867,rounded notebook output
resnet18_frozen_backbone,21,0.965,0.8,rounded notebook output
resnet18_frozen_backbone,22,0.941,0.733,rounded notebook output
resnet18_frozen_backbone,23,0.9179999999999999,0.733,rounded notebook output
resnet18_frozen_backbone,24,0.941,0.8,rounded notebook output
resnet18_frozen_backbone,25,0.9179999999999999,0.8,rounded notebook output
resnet18_frozen_backbone,26,0.941,0.8,rounded notebook output
resnet18_frozen_backbone,27,0.965,0.8,rounded notebook output
resnet18_frozen_backbone,28,0.941,0.867,rounded notebook output
resnet18_frozen_backbone,29,0.976,0.733,rounded notebook output
resnet18_frozen_backbone,30,0.953,0.8,rounded notebook output
