identity,split,file,sha256
7007,train,7007/029779.jpg,45b187e2e85e3fd08791a9edf70d2ca3559ca06e847b20d642440202496cd68f
7007,train,7007/099068.jpg,8914f7180af45c5e758ea4ca029c18f69290f048a5a57414023d8a2e38862330
7007,train,7007/009812.jpg,7b84a456619681da4ffa30172214b12fb48c5be51b1086d18a17b2ecee8c1f0b
7007,train,7007/017103.jpg,2e29cfc62a31778ab017455ef6b6ba79c71cafe54b10f4f6a3ad8af89acc3dcc
7007,train,7007/122097.jpg,126f0c0a124eccc4288c9e6a1d0786fb64ffb5ac9708d72cf2c55e159b7ac296
7007,train,7007/095414.jpg,61e8f48f0e070ef6569f3bea7cd7db47f30e4a707345e046204ce8d5afc2f0c6
7007,train,7007/158812.jpg,044c5cb1ccc05af009a90ddac087ac528a4dae39d990f8eff63721cb7585eb7e
7007,train,7007/081708.jpg,b80194f538fe34aa8d622dd9968d62d3b74824f4d38ae882af1a79edf3edf342
7007,train,7007/011677.jpg,b0de31fa600eed8c41cc7a49a735682f4f108a2b7d64d3159f5e9b5fd5c989c5
7007,train,7007/067739.jpg,3ba815f8586b6b9bf33907a899ed1c1c56894654701aaf84b9fcf8aa868b06b2
7007,train,7007/000491.jpg,4a359597b5190c1dfbfe5c4703c0f56c7dd9379bde5e09dab5c9664b09adf2a5
7007,train,7007/158011.jpg,ffa730fceb5a134be45976213cd3ccead808bb225ae4bb14b15127f89603a91b
7007,train,7007/010363.jpg,6cfd67167df803f8e6e719c020e462152065a46bceb5e047f1cfab318d2c67ae
7007,train,7007/036181.jpg,e94b68276be406afc362dcbed851bac7de317a5bf7d9e81eb7085ed3f84479d2
7007,train,7007/135536.jpg,424551c90f47cc18be7b6aefd98e66f3f0960288df2a64562054952b2858f2fe
7007,train,7007/113130.jpg,ab1733e447f1fa5733f75dd1ac22e1b9166f0a43ce53b70a9452394f606fb155
7007,train,7007/035390.jpg,3e3b94a4546bd7a071032a8c2890cf8d9b118c7e50c44426fcc1e94f4e7a9b16
7007,val,7007/157709.jpg,d3240f7af9c52610e627740c15850d4b835c921deae4cfa31c23b30b7f060f19
7007,val,7007/008453.jpg,d76f45e386c1ee3ab0f778839276eac1526c3ad8b016e429d26aa0eaafc4440b
7007,val,7007/161759.jpg,476c62ef3d39bb0c5461d560ee5059e0e4fa61d56b8ce14209eb6ac10ca9b222
7007,test,7007/150463.jpg,babb4fcea504b4aece7999d9522a31d1aad6c8cfebdb628a3ae864b6d6923324
7007,test,7007/128347.jpg,1aca826431732a577ec3f748a404136854ed07a18c1da24c75b88e93c3580257
7007,test,7007/004680.jpg,ea7b54201537831246f20d703ddbe107f464945259004425870fd9e9d46d54c2
2970,train,2970/050785.jpg,da3544c97c79a4526f92c39bde935007e8fa8dfd0f935d05e99ba04ae0e16897
2970,train,2970/053704.jpg,0a932f3075fe41f3f4866b7bba4d9146e8c2ad895780b857f11a3726912e80ef
2970,train,2970/059300.jpg,262892f6d71ed1bb23b756f33b6756cec8fe73ec8e229401e483b9c5cec7fc75
2970,train,2970/037362.jpg,e71a711ec187581430f5cf33ade46b6074849b79479d6ed666038734a3882348
2970,train,2970/115896.jpg,f316a0d27ca6c148276b5740d1609426221fb0260e33555f23d6bf1e84ffcaed
2970,train,2970/037013.jpg,f0874d7583c9fe47c6367f8f137f3e324392b6bfa7b94ca75b0c42d6110fc014
2970,train,2970/056956.jpg,f5e43d22f07b9577dbc40e545260625fca1bfb47035cbb22e9e43a45430f4a8c
2970,train,2970/053583.jpg,2af43ceea56d8669f561f66270c7a1a454f1467b7426c228d953bfd7ceea8846
2970,train,2970/140037.jpg,26891a8df36988c8300fa5c5e56efdaa44d996128e1622fcdcaf5bd865402dbd
2970,train,2970/023824.jpg,73e442639b3ab63735b3337ff5d72f91ac0f84f5e2a004d44dd86d3fa2ba047a
2970,train,2970/134512.jpg,89ec6218b35bff77585f40fd1b2c640f59b1ae716f9a8fff0dcc2b0cbd6960d8
2970,train,2970/143208.jpg,bf000b2521aa1654c7a565fb650ccec0eae425e6aedadd7ccbe1954bad363d48
2970,train,2970/096579.jpg,2f49cb4939eee958a47ead67bc72825c0be64326e0aff7b362b51ae709d65eef
2970,train,2970/079293.jpg,e18eb84b36a40875fb3fdf78d34a99315f959257d6b6f4b20d7629974d5526cc
2970,train,2970/040067.jpg,4910fb2b16345c64fa2c337898c47d0d92a7454a60ebe426cb4136174559cb03
2970,train,2970/088573.jpg,0c74569163d9d449cf8817d305eeb6da216dbdd4b0c79ad6c0d2386c2aa18342
2970,train,2970/155764.jpg,cc19e8ef4dfb7c00ecaf449dca7ca480b625f26432321a350aea1cf1f5f00d15
2970,val,2970/066991.jpg,05b4e2677cb3211a8d9bf52300af438d46b6a3328c11eb0f10c8dd133bf6cc10
2970,val,2970/014435.jpg,8faea262f48ae8913bdba4b2dfbfc5b2e7fa6ec9db6c217060b35499eb2be511
2970,val,2970/115873.jpg,ea7a026ae348f0adaa96dcc801a1da7f31d98485ca7ab0f0cfcf75330e866f3f
2970,test,2970/126467.jpg,09a4c6065542a192c5f45f9eb101ebd5f70fa9305097a1bed3ba54c1d3a5f5b7
2970,test,2970/112624.jpg,8c590df91489757afc781fbcf099c33503870075b38a9bf6c611a332c1e4bcdf
2970,test,2970/018364.jpg,86632c078dc611fbb9a3d34eb3d5e1dea4db34efabb768c3ad1f323d1d299b11
2336,train,2336/164885.jpg,546614abd7915c7b9e3a48e3c72e3bcb90cded252ce9fe50c06a79893cf53824
2336,train,2336/176923.jpg,220b78061147db3f1e2cb84d4b522fed6b29c6775c1adc7fb2a3050f1f59667c
2336,train,2336/180987.jpg,ccdf98a496e193ee6bbb283a7621cc2a08af4d6a8d320a24d020a76136a99061
2336,train,2336/174486.jpg,6617e7255c2b9e14f6e74a7a03ff0ade52594c24756051ad7a1ed502e8ccc5c1
2336,train,2336/172268.jpg,30d716121ec80cf7ff1008127048fb705f8b90b60b67cf254168023b5327caac
2336,train,2336/178941.jpg,65324071914194b5d21477ee99ae3c62c7ed536f6b9972250d906e5987099b86
2336,train,2336/179829.jpg,3ec9f1591ba2a316385dc5dfe1d3af280bafbfe88c7f4c187bf908439aa3713f
2336,train,2336/165685.jpg,4b1daa7d54aa7da46ecf668dc5e0a5001091df149982c5a850ac0c2496918fea
2336,train,2336/181421.jpg,78f574cf53a406fa41a7ad5413f4cae4c8f10b351b10c44ae44f876f330fa7e5
2336,train,2336/180676.jpg,69a1ff9386c0b4f4757b8e8336511771e6bd78336c8d1c012f388e289d113548
2336,train,2336/180362.jpg,d1d9395f3db180e413cedc8a6dfa26162997a0b8c9e03ad5383477580507177b
2336,train,2336/177788.jpg,35b9c33cfcef3abcc28bdc142b83a7604006b4db910472ab9739478513dc58af
2336,train,2336/179058.jpg,24041a35a7ed43ed66873e7d5a3bf347e2e6a00865cae811beea80752491dae9
2336,train,2336/174818.jpg,553b3e8a760644062065c6599840c5b709f14bf9a1d6d9fe32fc5cfa3126488c
2336,train,2336/170089.jpg,e5365aa39a6eea3cc327b4035940ccef164cdd68342cd54c7dd855b2dc69ef45
2336,train,2336/174476.jpg,66c61bf50cebe573620b0613a748e371f869617b927a4b1cfc4228e9388f51af
2336,train,2336/172736.jpg,8af0952914b8b9313bec5f9c5fc5c2e5ffcb9b09afa22342c6b67d25c57c792e
2336,val,2336/173519.jpg,522c29ef1a86670b5da1c6172deebf4353dd8202fcb7a73b49bef548075c517a
2336,val,2336/172502.jpg,cc153a8a55f72852a91bd9345036bbbc251bab87a20188686fef3b3d6bfd7f0f
2336,val,2336/176926.jpg,593ea11d0f5e4f2179f23131bf029cc6fc0a5fe1b183b9f08053b5f78880db20
2336,test,2336/167141.jpg,1a178d21cccb9490514b1b28670ea74d23b9d593b28d36c4758c25a2c9747dcf
2336,test,2336/176863.jpg,9363d2e88a0a8d6287d6e5763ebe956df5d0000ebc9900e7bfd8b68838481786
2336,test,2336/164485.jpg,3acd1f14801714ce1b5c25704fe93e1ee29a881e52cdd3f5f89a1c631836dd75
7,train,7/121574.jpg,23d25479f7dda835b3322fe0c115b9cffca7160d539cc57b535f740a2afd2b0d
7,train,7/003099.jpg,15e6bac3ff6854db34d262ec8d62fb8bd19ff6790f10f55b0386d734da5e7ee3
7,train,7/007335.jpg,e652dcdd3a159ee34fef19580ca3a4594e14ed8dd10f03854ae181a3a66d6f10
7,train,7/022384.jpg,122edffa806484dce1d4aff6bd9a19e3a539be5c92a1309867b59eef32c9de08
7,train,7/090356.jpg,e54f3d036da9f3b8f7545ba4ba035d36ff843998ee6b253d1d6c1c42fdf38bda
7,train,7/157832.jpg,5a1d47013e445612e9e70ff4da91dcbdfd60a4062fb42785a5b8d4008bd90ff1
7,train,7/140464.jpg,ad712e85cbb21126ccb95b7cf7db7fff570e0fb82b3dc1e7168a185772fab811
7,train,7/095162.jpg,cdb9c51db46d59e264ac7ecb3e4fd53ee67b3ae7fa784c4f13d2fcd42cb6f33f
7,train,7/002065.jpg,ce7064db2ad42ad93eeae4acfe3b757d1677d61d4d52109cacb61a0760a09071
7,train,7/038132.jpg,03a6b497230c3373a99b143580cb2cd82324b5e6eec57229ad2abf7ff557a8df
7,train,7/009932.jpg,ddeb4741ce07a54a6e9e3fe626974e7bfc7a6cadd7458cf76d4aeac020a984cd
7,train,7/019811.jpg,56642f6f18b53fec492823df05127091d449586e3b0268e5bf0aaad9e05202e3
7,train,7/045626.jpg,9820210c75236ce71801f2b58b3e532ea74ca8a19e6bd4ecc4b835aa2da10d01
7,train,7/131364.jpg,b18701d934aad54b13dab5f854fe56aff7a8f46b8a1cf45e1818ad33bf2f2817
7,train,7/017587.jpg,bec0a0b1ce7e2faf3fc4b6d305b326120e7a7d86b245cfc40fe9104e0fdfdb0b
7,train,7/157436.jpg,00857994b7bcb73e9bd493fe57d7e3fe6f206ee530417782b386b9a68c55f41e
7,train,7/020284.jpg,d8c849de250cd170edfe2dc022db2b49f9fb24d40b2a223b7139e2308b7aea7e
7,val,7/063094.jpg,cb6cafb22eac204488d5f16579d1ca3426cf93782fb54d614df4889ef57f1211
7,val,7/130335.jpg,176caa5523a4f7f9d371cc001796536c0fe364729f820c85611d146ef6edc19b
7,val,7/091155.jpg,c8ec2807af454f33acc92f5d3f356438d539142054b4bce5d4d7e72e1f503d06
7,test,7/036895.jpg,1371afa41432963d86a2682a155e1e3417981628a5f4ecc0c14e380ee19f5f59
7,test,7/115977.jpg,85bad50e0187957d3f9e2d19633568e30c319c5ed8eed4f73d1a3fc43803477b
7,test,7/090940.jpg,4958ae98f866482bb47be4af768b62ce5c1de95f222608eda652972b107d5c09
4428,train,4428/121977.jpg,494db821f1bafbbe9d3468d8fab224dc7f876a1f2af39dbadddf37939dcbdd8b
4428,train,4428/114753.jpg,913436493d4c0aa65210a4378fd34bb0f510ea72ac8dbcfc82abfc696bf262f4
4428,train,4428/021741.jpg,e70fe882a0cf47c6f7f82163bf4eac2e5f0cc1ccc8f664b3b9a805ab6f3f4891
4428,train,4428/145187.jpg,258c89c47f2bf20f36928e14eec1db1109087f31602cf7fdea33dc629be40f1d
4428,train,4428/137090.jpg,cb0a8db5d339a1a53c2171e7b830e227634e652ceaaa09af90ece9f1c00fd094
4428,train,4428/101496.jpg,c6d72b5c84717a5199f47cbae7840c4975bc244f44b43cb55fe7e6737c93c01e
4428,train,4428/053403.jpg,c550910367e4b68379b18fac8a7905ab0c8dd1b57810577107f3d720e8bd489b
4428,train,4428/092959.jpg,349b2b13f0d0ea5db959d3f820416233f359134027c353f105bf68b2e85c566f
4428,train,4428/053931.jpg,f4a452cb6f5df5d726b0a0a113c98b8b2acfd5ac5dfc2450c1329ca37a56d5b9
4428,train,4428/096574.jpg,041e2a62504dae19b00a29a61c6b1f1d3de4b633599670b2664eb0347a594c02
4428,train,4428/053429.jpg,606e4e0a72c1d46b55450ce78f227b2b82424ab7686389f74841aaa353845e80
4428,train,4428/144087.jpg,119f245faed268780431f19b1703ad31646ae8d8fd50102b6c316b6f5e6fd324
4428,train,4428/099151.jpg,9ccf2e8aa6e36c0e2811f5e5d9303ccb83f8dffbdae3a081f870f551cfdca209
4428,train,4428/094613.jpg,832010583781aff7a03adb7774454365dceea506b8fffc465ccc152d58140883
4428,train,4428/057432.jpg,2f9bfa068af8f4f2c756e1a2a0ab14bf6334fc2eddd14ba69cfeee80336772f3
4428,train,4428/005770.jpg,857b79da85d775afb48d0a7bf44cc55f3134533d54bae5ce6a6a88af09a5f3c5
4428,train,4428/128332.jpg,77f69f5b72beb9aa763efbe4ff9b00d8076d88695800d4f1c0d8afb3cef59e1a
4428,val,4428/154827.jpg,039e852f459fa4b0bcf23016b3ebffa592b1dc3e710d97fcf7cdd8ac44c116f5
4428,val,4428/107763.jpg,127fe2767224b48db4830242cbdd8d83f7134c34565b36a0f0390a9b40103127
4428,val,4428/127112.jpg,b0682a8fa8bb22bb82a86de011bb36820d35eab2660591340973dc128960f2f2
4428,test,4428/072601.jpg,6909240052dcfed8b828ed0b618a43f1aa739c9ee6a5e967bb305530894198ed
4428,test,4428/012582.jpg,88d30b602f624dfd8344671b9b3f0d5cba825141a9f1a1670c368611ce297024
4428,test,4428/092565.jpg,e15b144cb0cba26b6cdfeba8c5b7373b3d0116f078bf90a94096351e244a00bf
